geometry,core_width_px,edge_sigma_px,sensors,n_images,fwhm_px,tikhonov_psnr,control_psnr,intervention_psnr,control_psnr_network_sd,intervention_psnr_network_sd,control_minus_tikhonov,control_minus_tikhonov_lo,control_minus_tikhonov_hi,intervention_minus_tikhonov,intervention_minus_tikhonov_lo,intervention_minus_tikhonov_hi,intervention_minus_control,intervention_minus_control_lo,intervention_minus_control_hi,tikhonov_ssim,control_ssim,intervention_ssim
straight,0,0.5,16,50,1.1774,27.8534,29.8491,29.9918,0.2270,0.2213,1.9957,1.8782,2.1088,2.1384,2.0340,2.2356,0.1427,0.0931,0.1900,0.6430,0.9455,0.9416
straight,0,0.5,64,50,1.1774,32.4665,31.9483,32.4527,0.4876,0.2629,-0.5182,-0.6771,-0.3512,-0.0139,-0.1347,0.1089,0.5043,0.4338,0.5730,0.9264,0.9775,0.9785
straight,0,1,16,50,2.3548,27.9564,30.6868,32.1085,0.1916,0.0842,2.7304,2.5723,2.8983,4.1521,3.9203,4.3984,1.4217,1.3256,1.5250,0.5071,0.9428,0.9488
straight,0,1,64,50,2.3548,37.4703,31.5246,33.3160,0.2213,0.1591,-5.9457,-6.2057,-5.6833,-4.1544,-4.4728,-3.8421,1.7914,1.6874,1.8893,0.8672,0.9629,0.9686
straight,0,1.5,16,50,3.5322,28.8736,30.3987,35.2038,0.3251,0.5485,1.5252,1.3075,1.7236,6.3302,6.0727,6.5633,4.8051,4.6309,4.9764,0.4837,0.9127,0.9319
straight,0,1.5,64,50,3.5322,36.7905,32.7259,38.5501,0.4193,0.4549,-4.0646,-4.2543,-3.8747,1.7597,1.6286,1.8864,5.8242,5.6517,6.0041,0.7967,0.9498,0.9594
straight,0,2,16,50,4.7096,29.7937,32.8141,38.1458,0.8253,0.2756,3.0204,2.7415,3.2797,8.3522,8.0721,8.6158,5.3318,5.1306,5.5399,0.4910,0.8980,0.9176
straight,0,2,64,50,4.7096,35.2729,38.0854,41.1643,0.5867,0.2099,2.8124,2.6420,2.9884,5.8914,5.7899,5.9876,3.0789,2.9400,3.2166,0.7360,0.9452,0.9476
straight,1,0,16,50,1.0000,25.9187,26.7511,26.7896,0.1663,0.1700,0.8324,0.7517,0.9119,0.8709,0.7953,0.9501,0.0385,0.0034,0.0736,0.6578,0.9192,0.9131
straight,1,0,64,50,1.0000,28.2934,28.7004,29.3665,0.4847,0.3595,0.4071,0.2357,0.5955,1.0731,0.9414,1.2238,0.6661,0.5521,0.7818,0.9144,0.9643,0.9668
straight,1,0.5,16,50,1.3857,27.6965,30.2894,30.6103,0.2592,0.2357,2.5929,2.4676,2.7190,2.9138,2.7959,3.0301,0.3209,0.2702,0.3716,0.6039,0.9510,0.9495
straight,1,0.5,64,50,1.3857,33.4414,32.2618,32.7822,0.4435,0.2687,-1.1796,-1.3896,-0.9632,-0.6591,-0.8419,-0.4777,0.5204,0.4592,0.5785,0.9174,0.9777,0.9788
straight,1,1,16,50,2.4546,28.0134,30.6457,32.2539,0.1832,0.0898,2.6322,2.4653,2.8111,4.2404,3.9974,4.5022,1.6082,1.5029,1.7178,0.5024,0.9407,0.9475
straight,1,1,64,50,2.4546,37.5758,31.4456,33.5046,0.2079,0.1421,-6.1302,-6.3724,-5.8883,-4.0712,-4.3677,-3.7861,2.0590,1.9538,2.1663,0.8612,0.9612,0.9676
straight,1,1.5,16,50,3.5981,28.9288,30.4608,35.4511,0.3471,0.5618,1.5319,1.3113,1.7364,6.5223,6.2530,6.7625,4.9903,4.8086,5.1758,0.4836,0.9113,0.9311
straight,1,1.5,64,50,3.5981,36.7025,32.9878,38.8463,0.4575,0.4297,-3.7146,-3.8973,-3.5325,2.1439,2.0168,2.2656,5.8585,5.6837,6.0423,0.7930,0.9496,0.9589
straight,1,2,16,50,4.7589,29.8255,32.9656,38.2003,0.8351,0.2649,3.1401,2.8568,3.4024,8.3748,8.0981,8.6360,5.2347,5.0358,5.4431,0.4915,0.8979,0.9170
straight,1,2,64,50,4.7589,35.2148,38.2444,41.1913,0.5742,0.2058,3.0296,2.8600,3.2026,5.9766,5.8758,6.0722,2.9470,2.8141,3.0805,0.7338,0.9449,0.9471
straight,2,0,16,50,2.0000,24.4722,29.5981,30.7095,0.7109,0.7121,5.1259,4.7085,5.5559,6.2373,5.7806,6.6986,1.1114,0.9882,1.2366,0.4600,0.9393,0.9431
straight,2,0,64,50,2.0000,29.3283,39.3342,39.5777,0.9139,0.6389,10.0059,9.2934,10.7185,10.2494,9.6136,10.8686,0.2435,-0.0212,0.5075,0.8511,0.9761,0.9761
straight,2,0.5,16,50,2.0570,27.2166,31.2011,31.9668,0.3124,0.2499,3.9845,3.8413,4.1312,4.7502,4.5662,4.9350,0.7657,0.6773,0.8593,0.5128,0.9499,0.9527
straight,2,0.5,64,50,2.0570,35.9205,32.9887,33.7655,0.3468,0.2793,-2.9317,-3.2494,-2.6011,-2.1549,-2.4994,-1.7994,0.7768,0.7017,0.8521,0.8829,0.9720,0.9741
straight,2,1,16,50,2.7714,28.1682,30.5339,32.8001,0.1996,0.1548,2.3657,2.1832,2.5686,4.6319,4.3720,4.9218,2.2663,2.1525,2.3898,0.4895,0.9335,0.9429
straight,2,1,64,50,2.7714,37.6131,31.3875,34.4282,0.2036,0.2159,-6.2255,-6.4443,-6.0143,-3.1849,-3.4346,-2.9343,3.0406,2.9206,3.1695,0.8424,0.9563,0.9648
straight,2,1.5,16,50,3.8016,29.0858,30.6727,36.1364,0.4253,0.5596,1.5869,1.3712,1.7922,7.0505,6.7716,7.3075,5.4636,5.2582,5.6849,0.4834,0.9072,0.9287
straight,2,1.5,64,50,3.8016,36.4320,33.8544,39.6031,0.5547,0.3491,-2.5776,-2.7565,-2.4076,3.1711,3.0522,3.2893,5.7487,5.5578,5.9474,0.7818,0.9491,0.9569
straight,2,2,16,50,4.9092,29.9151,33.4187,38.3389,0.8494,0.2425,3.5036,3.2164,3.7797,8.4238,8.1558,8.6786,4.9202,4.7357,5.1208,0.4928,0.8975,0.9151
straight,2,2,64,50,4.9092,35.0410,38.6655,41.2577,0.5425,0.1890,3.6245,3.4607,3.7943,6.2167,6.1228,6.3097,2.5922,2.4711,2.7051,0.7270,0.9437,0.9456
straight,4,0,16,50,4.0000,23.7299,38.9228,38.4784,0.5288,0.3097,15.1929,14.4848,15.9292,14.7485,14.0214,15.4686,-0.4444,-0.6598,-0.2153,0.3470,0.9180,0.9175
straight,4,0,64,50,4.0000,27.7244,42.7289,41.7331,0.2592,0.3424,15.0046,14.5382,15.4556,14.0087,13.4532,14.5587,-0.9959,-1.2246,-0.8088,0.7157,0.9475,0.9476
straight,4,0.5,16,50,4.0001,26.5451,31.6276,33.8438,0.3069,0.3518,5.0825,4.8619,5.3089,7.2987,6.9730,7.6251,2.2162,2.0615,2.3607,0.3954,0.9101,0.9182
straight,4,0.5,64,50,4.0001,33.8108,32.7782,35.5875,0.2328,0.4646,-1.0327,-1.3242,-0.7575,1.7766,1.3667,2.1542,2.8093,2.6563,2.9464,0.7528,0.9409,0.9474
straight,4,1,16,50,4.1140,28.5499,30.3762,35.5305,0.3345,0.7225,1.8263,1.6065,2.0347,6.9806,6.6800,7.2463,5.1543,4.9710,5.3326,0.4540,0.9021,0.9230
straight,4,1,64,50,4.1140,35.9510,32.8394,39.2043,0.4526,0.7149,-3.1115,-3.3252,-2.9210,3.2533,3.1210,3.3774,6.3649,6.2033,6.5246,0.7646,0.9408,0.9522
straight,4,1.5,16,50,4.6772,29.5628,31.9510,37.9239,0.7537,0.3674,2.3882,2.1309,2.6382,8.3611,8.0659,8.6354,5.9729,5.7449,6.2094,0.4809,0.8949,0.9178
straight,4,1.5,64,50,4.6772,35.3356,37.2854,41.1526,0.6790,0.2147,1.9498,1.7728,2.1162,5.8170,5.7136,5.9174,3.8672,3.7138,4.0255,0.7376,0.9440,0.9478
straight,4,2,16,50,5.5427,30.1820,34.9906,38.6103,0.7407,0.1728,4.8087,4.5247,5.0837,8.4283,8.1888,8.6599,3.6197,3.4623,3.7860,0.4962,0.8953,0.9075
straight,4,2,64,50,5.5427,34.3626,39.7180,41.3464,0.3940,0.1491,5.3555,5.2129,5.5039,6.9838,6.8973,7.0705,1.6284,1.5445,1.7080,0.7003,0.9380,0.9392
straight,6,0,16,50,6.0000,23.3923,37.6701,36.9309,0.2771,0.3517,14.2778,13.6524,14.9456,13.5386,12.9527,14.1320,-0.7392,-0.9508,-0.5155,0.3174,0.8770,0.8766
straight,6,0,64,50,6.0000,26.9574,40.9681,40.2529,0.2297,0.3177,14.0107,13.6460,14.3404,13.2954,12.8888,13.6679,-0.7153,-0.8153,-0.6229,0.6078,0.9168,0.9169
straight,6,0.5,16,50,6.0000,26.2958,31.0269,33.5570,0.2603,0.4640,4.7311,4.5130,4.9598,7.2611,6.9643,7.5622,2.5300,2.4159,2.6486,0.3634,0.8686,0.8794
straight,6,0.5,64,50,6.0000,32.0291,32.2178,34.9660,0.2021,0.4469,0.1886,-0.0424,0.4136,2.9369,2.6689,3.2100,2.7483,2.6563,2.8384,0.6415,0.9101,0.9175
straight,6,1,16,50,6.0068,28.5290,30.6139,36.9638,0.5640,0.7844,2.0849,1.8375,2.3174,8.4348,8.1220,8.7291,6.3499,6.0913,6.6099,0.4254,0.8660,0.8926
straight,6,1,64,50,6.0068,33.6172,33.7735,40.0041,0.6693,0.6182,0.1563,-0.0770,0.3718,6.3869,6.2420,6.5214,6.2306,6.0114,6.4436,0.6656,0.9182,0.9281
straight,6,1.5,16,50,6.1710,29.7931,33.8254,38.5976,0.9471,0.1601,4.0323,3.7768,4.2729,8.8045,8.5508,9.0495,4.7722,4.5835,4.9726,0.4721,0.8816,0.8979
straight,6,1.5,64,50,6.1710,33.7360,38.6171,41.1928,0.6816,0.1881,4.8811,4.7445,5.0224,7.4568,7.3644,7.5499,2.5757,2.4771,2.6756,0.6718,0.9288,0.9312
straight,6,2,16,50,6.6652,30.3068,36.4197,38.5516,0.4888,0.0587,6.1129,5.8674,6.3502,8.2448,8.0450,8.4493,2.1319,2.0328,2.2351,0.4955,0.8876,0.8943
straight,6,2,64,50,6.6652,33.3180,39.9053,41.0362,0.3335,0.1649,6.5873,6.4465,6.7326,7.7181,7.6286,7.8056,1.1308,1.0545,1.2048,0.6589,0.9271,0.9281
curved,0,0.5,16,50,1.1774,27.0904,29.2247,29.3820,0.2400,0.2096,2.1342,2.0367,2.2332,2.2916,2.1963,2.3858,0.1573,0.1291,0.1847,0.5942,0.9400,0.9357
curved,0,0.5,64,50,1.1774,31.6142,31.2934,31.7057,0.4412,0.2077,-0.3209,-0.4623,-0.1729,0.0915,-0.0407,0.2230,0.4123,0.3624,0.4615,0.9130,0.9751,0.9758
curved,0,1,16,50,2.3548,27.3089,30.0354,31.6263,0.1983,0.1261,2.7265,2.6072,2.8482,4.3174,4.1654,4.4693,1.5909,1.5100,1.6700,0.4684,0.9338,0.9411
curved,0,1,64,50,2.3548,36.4231,30.9554,32.9678,0.2093,0.1553,-5.4677,-5.6689,-5.2650,-3.4554,-3.6873,-3.2267,2.0123,1.9432,2.0845,0.8445,0.9576,0.9644
curved,0,1.5,16,50,3.5322,28.2777,30.0129,34.8455,0.3683,0.5395,1.7351,1.5424,1.9215,6.5678,6.3794,6.7571,4.8326,4.6761,4.9841,0.4564,0.9022,0.9232
curved,0,1.5,64,50,3.5322,35.9199,32.3677,37.8675,0.4389,0.4313,-3.5522,-3.7624,-3.3381,1.9477,1.8218,2.0665,5.4998,5.3500,5.6550,0.7695,0.9441,0.9539
curved,0,2,16,50,4.7096,29.2062,32.5935,37.4752,0.8083,0.2499,3.3873,3.1563,3.6541,8.2690,8.0523,8.4902,4.8817,4.6651,5.0971,0.4699,0.8883,0.9079
curved,0,2,64,50,4.7096,34.5117,37.1824,40.3242,0.6116,0.2069,2.6707,2.5292,2.8114,5.8125,5.7300,5.8897,3.1418,3.0200,3.2611,0.7081,0.9385,0.9411
curved,1,0,16,50,1.0000,25.0693,25.9375,25.9553,0.1550,0.1616,0.8681,0.7964,0.9382,0.8860,0.8114,0.9630,0.0178,-0.0089,0.0444,0.6132,0.9100,0.9029
curved,1,0,64,50,1.0000,27.3244,27.7841,28.2997,0.3664,0.2854,0.4597,0.3288,0.6120,0.9753,0.8339,1.1558,0.5156,0.4479,0.5838,0.9012,0.9602,0.9622
curved,1,0.5,16,50,1.3857,26.9472,29.6728,30.0307,0.2694,0.2373,2.7256,2.6086,2.8407,3.0834,2.9573,3.2068,0.3578,0.3180,0.3963,0.5546,0.9453,0.9438
curved,1,0.5,64,50,1.3857,32.5398,31.6573,32.1411,0.4208,0.2507,-0.8825,-1.0688,-0.6795,-0.3987,-0.5637,-0.2174,0.4838,0.4229,0.5428,0.9021,0.9750,0.9761
curved,1,1,16,50,2.4546,27.3736,29.9729,31.7361,0.1972,0.1255,2.5993,2.4742,2.7293,4.3625,4.1999,4.5274,1.7632,1.6681,1.8589,0.4648,0.9313,0.9394
curved,1,1,64,50,2.4546,36.5384,30.8666,33.1831,0.2136,0.1523,-5.6718,-5.8825,-5.4724,-3.3554,-3.5860,-3.1275,2.3165,2.2511,2.3849,0.8380,0.9556,0.9632
curved,1,1.5,16,50,3.5981,28.3341,30.0900,35.0759,0.3938,0.5354,1.7558,1.5666,1.9400,6.7418,6.5468,6.9339,4.9860,4.8231,5.1450,0.4568,0.9008,0.9224
curved,1,1.5,64,50,3.5981,35.8400,32.6137,38.1410,0.4753,0.4090,-3.2263,-3.4352,-3.0179,2.3009,2.1832,2.4111,5.5273,5.3710,5.6918,0.7656,0.9439,0.9532
curved,1,2,16,50,4.7589,29.2381,32.7299,37.5227,0.8151,0.2428,3.4918,3.2622,3.7570,8.2846,8.0681,8.5036,4.7928,4.5801,5.0037,0.4706,0.8881,0.9072
curved,1,2,64,50,4.7589,34.4570,37.3240,40.3543,0.6022,0.2026,2.8669,2.7245,3.0076,5.8973,5.8176,5.9735,3.0304,2.9107,3.1465,0.7059,0.9381,0.9406
curved,2,0,16,50,2.0000,23.7627,29.0177,30.1100,0.6471,0.6497,5.2550,4.9048,5.5970,6.3473,5.9058,6.7646,1.0923,0.9493,1.2433,0.4109,0.9319,0.9354
curved,2,0,64,50,2.0000,28.6089,38.3094,38.3690,0.8051,0.4424,9.7005,8.9768,10.3901,9.7601,9.1150,10.3723,0.0595,-0.1550,0.2891,0.8265,0.9720,0.9719
curved,2,0.5,16,50,2.0570,26.5350,30.5699,31.4415,0.3042,0.2430,4.0349,3.9212,4.1512,4.9065,4.7693,5.0394,0.8716,0.8025,0.9395,0.4679,0.9426,0.9460
curved,2,0.5,64,50,2.0570,34.9064,32.1678,33.0921,0.3309,0.2591,-2.7386,-2.9707,-2.4974,-1.8143,-2.0730,-1.5602,0.9243,0.8477,0.9992,0.8620,0.9676,0.9702
curved,2,1,16,50,2.7714,27.5491,29.8762,32.2395,0.1936,0.1650,2.3271,2.1824,2.4727,4.6904,4.4982,4.9026,2.3633,2.2548,2.4727,0.4553,0.9234,0.9343
curved,2,1,64,50,2.7714,36.6214,30.7339,33.9306,0.1801,0.2267,-5.8875,-6.1169,-5.6660,-2.6908,-2.9557,-2.4353,3.1967,3.1085,3.2827,0.8175,0.9501,0.9598
curved,2,1.5,16,50,3.8016,28.4944,30.3663,35.6923,0.4652,0.5122,1.8719,1.6721,2.0754,7.1978,6.9921,7.4046,5.3259,5.1529,5.4992,0.4579,0.8968,0.9197
curved,2,1.5,64,50,3.8016,35.5922,33.4189,38.8430,0.5711,0.3420,-2.1732,-2.3726,-1.9740,3.2508,3.1507,3.3474,5.4240,5.2560,5.5929,0.7541,0.9431,0.9511
curved,2,2,16,50,4.9092,29.3278,33.1298,37.6425,0.8221,0.2276,3.8019,3.5731,4.0660,8.3146,8.1003,8.5350,4.5127,4.3157,4.7131,0.4724,0.8878,0.9054
curved,2,2,64,50,4.9092,34.2937,37.7081,40.4306,0.5669,0.1876,3.4144,3.2691,3.5541,6.1370,6.0561,6.2119,2.7225,2.6085,2.8365,0.6992,0.9368,0.9390
curved,4,0,16,50,4.0000,23.2075,37.3419,37.0742,0.4711,0.2817,14.1344,13.3458,14.8894,13.8667,13.1616,14.5544,-0.2677,-0.4781,-0.0391,0.3218,0.9064,0.9059
curved,4,0,64,50,4.0000,27.1598,41.6573,40.6229,0.2805,0.3043,14.4976,13.9342,15.0170,13.4631,12.8889,14.0164,-1.0345,-1.2050,-0.8808,0.6830,0.9400,0.9400
curved,4,0.5,16,50,4.0001,25.9940,31.0319,33.4275,0.2715,0.3844,5.0379,4.8490,5.2449,7.4335,7.1995,7.6726,2.3956,2.2882,2.5009,0.3702,0.8988,0.9077
curved,4,0.5,64,50,4.0001,33.0735,32.2394,35.2106,0.2207,0.4589,-0.8341,-1.0333,-0.6581,2.1371,1.8799,2.3561,2.9713,2.8715,3.0721,0.7220,0.9334,0.9404
curved,4,1,16,50,4.1140,27.9817,30.0374,35.2451,0.3602,0.6727,2.0557,1.8648,2.2365,7.2634,7.0454,7.4906,5.2078,5.0602,5.3507,0.4303,0.8910,0.9136
curved,4,1,64,50,4.1140,35.1346,32.4557,38.5766,0.4721,0.6578,-2.6789,-2.8839,-2.4783,3.4420,3.3218,3.5491,6.1209,5.9766,6.2668,0.7357,0.9342,0.9459
curved,4,1.5,16,50,4.6772,28.9842,31.7699,37.2982,0.7763,0.3229,2.7857,2.5522,3.0460,8.3139,8.0915,8.5390,5.5283,5.3045,5.7581,0.4600,0.8847,0.9080
curved,4,1.5,64,50,4.6772,34.5668,36.4370,40.3037,0.6970,0.2113,1.8702,1.7193,2.0126,5.7369,5.6518,5.8184,3.8667,3.7381,3.9927,0.7093,0.9371,0.9412
curved,4,2,16,50,5.5427,29.5966,34.5289,37.8903,0.6845,0.1699,4.9323,4.6976,5.1887,8.2937,8.0988,8.5006,3.3614,3.2126,3.5121,0.4776,0.8856,0.8976
curved,4,2,64,50,5.5427,33.6537,38.7341,40.5506,0.4469,0.1461,5.0804,4.9420,5.2180,6.8969,6.8187,6.9707,1.8165,1.7190,1.9207,0.6733,0.9309,0.9323
curved,6,0,16,50,6.0000,22.9326,36.2678,35.5034,0.3427,0.2708,13.3351,12.6916,13.9633,12.5707,11.9183,13.1991,-0.7644,-0.9367,-0.5994,0.3049,0.8632,0.8622
curved,6,0,64,50,6.0000,26.4514,39.9271,38.9524,0.2801,0.3063,13.4758,13.0623,13.8743,12.5011,12.0299,12.9612,-0.9747,-1.1678,-0.8119,0.5750,0.9067,0.9067
curved,6,0.5,16,50,6.0000,25.8055,30.4821,33.0821,0.2470,0.4521,4.6766,4.5234,4.8339,7.2765,7.0914,7.4629,2.6000,2.5134,2.6870,0.3507,0.8553,0.8667
curved,6,0.5,64,50,6.0000,31.3517,31.5501,34.3308,0.2171,0.4158,0.1983,0.0245,0.3642,2.9791,2.7811,3.1778,2.7808,2.7008,2.8610,0.6112,0.9001,0.9082
curved,6,1,16,50,6.0068,28.0138,30.3355,36.3561,0.5775,0.6767,2.3217,2.1226,2.5285,8.3423,8.1157,8.5638,6.0206,5.7917,6.2552,0.4113,0.8542,0.8810
curved,6,1,64,50,6.0068,32.9044,33.3134,39.2304,0.6606,0.5601,0.4090,0.2273,0.5758,6.3261,6.2033,6.4438,5.9171,5.7426,6.1097,0.6366,0.9095,0.9198
curved,6,1.5,16,50,6.1710,29.2411,33.4810,37.8481,0.8868,0.1595,4.2399,4.0132,4.4750,8.6069,8.4007,8.8230,4.3670,4.1919,4.5529,0.4563,0.8714,0.8874
curved,6,1.5,64,50,6.1710,33.0474,37.7695,40.4054,0.7029,0.1706,4.7221,4.5841,4.8449,7.3580,7.2698,7.4479,2.6358,2.5307,2.7397,0.6446,0.9210,0.9237
curved,6,2,16,50,6.6652,29.7262,35.7418,37.8188,0.4731,0.0717,6.0156,5.7972,6.2596,8.0926,7.9173,8.2775,2.0770,1.9700,2.1821,0.4792,0.8778,0.8845
curved,6,2,64,50,6.6652,32.6630,39.1023,40.3020,0.3626,0.1487,6.4393,6.3044,6.5781,7.6390,7.5541,7.7222,1.1997,1.1224,1.2797,0.6338,0.9197,0.9208
